insert into roles (id, name) values
(1, "Admin"),
(2, "Store"),
(3, "Shipper"),
(4, "Customer");

insert into users (id, name, user_name, phone_number, password, role_id) values
(1, "Admin_1", "admin1", "", "123456", 1),
(2, "Admin_2", "admin2", "", "123456", 1),
(3, "Trần Xuân Anh", "0775243716", "0775243716", "123456", 2),
(4, "Bùi Minh Hùng", "0778330006", "0778330006", "123456", 2),
(5, "Lê Ngọc Long", "0771309140", "0771309140", "123456", 2),
(6, "Vũ Thị Anh", "0777289093", "0777289093", "123456", 2),
(7, "Lê Ngọc Vy", "0774453645", "0774453645", "123456", 2),
(8, "Đinh Minh Linh", "0772147140", "0772147140", "123456", 2),
(9, "Nguyễn Ngọc Hân", "0775648426", "0775648426", "123456", 2),
(10, "Bùi Bảo Hùng", "0773456914", "0773456914", "123456", 2),
(11, "Vỗ Xuân Linh", "0774992128", "0774992128", "123456", 2),
(12, "Trần Ngọc Thảo", "0778841247", "0778841247", "123456", 2),
(13, "Nguyễn Ngọc Long", "0773062871", "0773062871", "123456", 2),
(14, "Vũ Thành Quân", "0777026701", "0777026701", "123456", 2),
(15, "Phan Thị Mai", "0774873784", "0774873784", "123456", 2),
(16, "Phan Ngọc Khoa", "0776861173", "0776861173", "123456", 2),
(17, "Trần Thanh Linh", "0778204762", "0778204762", "123456", 2),
(18, "Lê Ngọc Hùng", "0771310322", "0771310322", "123456", 2),
(19, "Bùi Xuân Tâm", "0776187236", "0776187236", "123456", 2),
(20, "Lê Ngọc Thảo", "0773160064", "0773160064", "123456", 2),
(21, "Bùi Minh Mai", "0774610250", "0774610250", "123456", 2),
(22, "Nguyễn Ngọc Hà", "0772444285", "0772444285", "123456", 2),
(23, "Lê Bảo Long", "0776818041", "0776818041", "123456", 2),
(24, "Vỗ Thị Thảo", "0772221318", "0772221318", "123456", 2),
(25, "Đinh Xuân Anh", "0774224619", "0774224619", "123456", 2),
(26, "Vũ Thị Hà", "0774433581", "0774433581", "123456", 2),
(27, "Trần Ngọc Mai", "0771220832", "0771220832", "123456", 2),
(28, "Phạm Xuân Anh", "0772447852", "0772447852", "123456", 2),
(29, "Lê Văn Trung", "0779178676", "0779178676", "123456", 2),
(30, "Phan Anh Anh", "0777163633", "0777163633", "123456", 2),
(31, "Bùi Thanh Linh", "0776176753", "0776176753", "123456", 2),
(32, "Nguyễn Ngọc Thảo", "0772979769", "0772979769", "123456", 2),
(33, "Trần Tiến Lộc", "0909345133", "0909345133", "123456", 3),
(34, "Trần Hải Hòa", "0903817589", "0903817589", "123456", 3),
(35, "Trần Lê Thanh Tuyền", "0908018465", "0908018465", "123456", 3),
(36, "Võ Xuân Thảo", "0913661412", "0913661412", "123456", 3),
(37, "Nguyễn Khiết", "0989985975", "0989985975", "123456", 3),
(38, "Hùynh Đức Hoàng", "0908339900", "0908339900", "123456", 3),
(39, "Nguyễn Thị Kim Loan", "0953579819", "0953579819", "123456", 3),
(40, "Nguyễn Đình Sơn", "0903814627", "0903814627", "123456", 3),
(41, "ngô thị thanh huyền", "0908121083", "0908121083", "123456", 3),
(42, "Vũ Ngọc Hạnh", "0989712295", "0989712295", "123456", 3),
(43, "Nguyễn Thị Dịu Hạnh", "0908663877", "0908663877", "123456", 3),
(44, "Nguyễn Ngọc Phương", "0909192900", "0909192900", "123456", 3),
(45, "Phạm Xuân Phong", "0903149917", "0903149917", "123456", 3),
(46, "Phạm Tấn Cường", "0902433328", "0902433328", "123456", 3),
(47, "NGUYỄN HOÀNG ÂN", "0906825262", "0906825262", "123456", 3),
(48, "Nguyễn Đình Luân", "0913804262", "0913804262", "123456", 3),
(49, "nguyen quang nam", "0934560088", "0934560088", "123456", 3),
(50, "ngô thanh dũng", "0903165516", "0903165516", "123456", 3),
(51, "Hùynh Mộng Vi Vi", "0983174032", "0983174032", "123456", 3),
(52, "LÂM PHÚC HƯNG", "0914009297", "0914009297", "123456", 3),
(53, "HOÀNG TIẾN", "0908159951", "0908159951", "123456", 3),
(54, "NGUYỄN THANH PHONG", "0918505245", "0918505245", "123456", 3),
(55, "Anh Tình", "0989034847", "0989034847", "123456", 3),
(56, "Nguyễn Thị Xuân Thu", "0937202119", "0937202119", "123456", 3),
(57, "NGUYỄN MẠNH HÀ", "0903633253", "0903633253", "123456", 3),
(58, "Trần Tuấn Nam", "0982959584", "0982959584", "123456", 3),
(59, "Lệ Xuân", "0936838983", "0936838983", "123456", 3),
(60, "Phan Đan Tâm", "0903817128", "0903817128", "123456", 3),
(61, "Trần Minh Triết", "0908324004", "0908324004", "123456", 3),
(62, "Đòan Tiến Cường", "0909270005", "0909270005", "123456", 3),
(63, "Nguyễn Thế Anh", "0908684789", "0908684789", "123456", 3),
(64, "Hứa Văn Giang", "0906857109", "0906857109", "123456", 3),
(65, "Ngô Cao Diệu Huyền", "0908601167", "0908601167", "123456", 3),
(66, "Huỳnh Mạnh Huy", "0903666808", "0903666808", "123456", 3),
(67, "Nguyễn Trí Hùng", "0903709887", "0903709887", "123456", 3),
(68, "Lại Anh Tuấn", "0918478997", "0918478997", "123456", 3),
(69, "Bồ Anh Đức", "0909090177", "0909090177", "123456", 3),
(70, "Trần Thanh Tòng", "0989984803", "0989984803", "123456", 3),
(71, "Nguyễn Danh Đô", "0989007546", "0989007546", "123456", 3),
(72, "anh Trần Quang Tú", "0983616861", "0983616861", "123456", 3),
(73, "Hồ Hảo", "0989010635", "0989010635", "123456", 3),
(74, "NGUYỄN THI BẢO KHUYÊN", "0983317107", "0983317107", "123456", 3),
(75, "Trần Hoàng Hải", "0906881838", "0906881838", "123456", 3),
(76, "Phạm Anh Tuấn", "0909860888", "0909860888", "123456", 3),
(77, "Phan Đăng Khoa", "0903955778", "0903955778", "123456", 3),
(78, "Trần Thị Thu Thanh", "0933685538", "0933685538", "123456", 3),
(79, "NGUYEN TRANG", "0907399376", "0907399376", "123456", 3),
(80, "HUYNH DUY TAN", "0903181705", "0903181705", "123456", 3),
(81, "Nguyễn Thị Hương", "0908396286", "0908396286", "123456", 3),
(82, "Hoàng Việt Hưng", "0989113660", "0989113660", "123456", 3),
(83, "Thái Bạch Thuận", "0989025969", "0989025969", "123456", 3),
(84, "Nguyễn Thị Mỹ Hương", "0913164563", "0913164563", "123456", 3),
(85, "Dương Tấn Hải", "0903367867", "0903367867", "123456", 3),
(86, "Vũ Tiến Hưng", "0909275245", "0909275245", "123456", 3),
(87, "đỗ Phú Hải", "0983709700", "0983709700", "123456", 3),
(88, "Le Thu Hien", "0972000355", "0972000355", "123456", 3),
(89, "nguyễn thị minh nguyệt", "0986307272", "0986307272", "123456", 3),
(90, "Bùi Đức Thoại", "0989808838", "0989808838", "123456", 3),
(91, "Nguyễn Thanh Tâm", "0989690139", "0989690139", "123456", 3),
(92, "nguyễn thị minh nguyệt", "0986307272", "0986307272", "123456", 3),
(93, "Nguyen Tan Dung", "0913928767", "0913928767", "123456", 3),
(94, "trần Thanh Tùng", "0903383646", "0903383646", "123456", 3),
(95, "Vũ Viết Huy", "0983183995", "0983183995", "123456", 3),
(96, "Nguyễn Thành Nghĩa", "0946888767", "0946888767", "123456", 3),
(97, "lý thu Nga", "0903772355", "0903772355", "123456", 3),
(98, "LÊ THỊ NGỌC TRANG", "0909145906", "0909145906", "123456", 3),
(99, "Lê Hoàng Nhân", "0903779055", "0903779055", "123456", 3),
(100, "Nguyễn Khinh Phong", "0903742912", "0903742912", "123456", 3),
(101, "Trần Hiến", "0983887381", "0983887381", "123456", 3),
(102, "LE BICH DAO", "0909622165", "0909622165", "123456", 3),
(103, "Vũ Đức Lợi", "0903848900", "0903848900", "123456", 3),
(104, "Ngô Đức Tài", "0918871420", "0918871420", "123456", 3),
(105, "Nguyễn Anh Trung", "0918115575", "0918115575", "123456", 3),
(106, "Lê Duy Bảo", "0938618840", "0938618840", "123456", 3),
(107, "Phạm Đăng Minh", "0989045043", "0989045043", "123456", 3),
(108, "Đỗ Thành Hưng", "0903330933", "0903330933", "123456", 3),
(109, "Lê Hữu Tâm Hào", "0983878837", "0983878837", "123456", 3),
(110, "Lê Hoàng Thông", "0989512086", "0989512086", "123456", 3),
(111, "Bùi Thị Hoàng Anh", "0902908699", "0902908699", "123456", 3),
(112, "NGUYỄN ĐẶNG THU HUONG", "0988533788", "0988533788", "123456", 3),
(113, "Huỳnh My Phương", "0989393700", "0989393700", "123456", 3),
(114, "Tô Ngọc Chi Lan", "0908279239", "0908279239", "123456", 3),
(115, "MÃ NGỌC LÂN", "0909342917", "0909342917", "123456", 3),
(116, "Lê Thanh Hưng", "0985735555", "0985735555", "123456", 3),
(117, "Trịnh Vũ Kim Chi", "0983969498", "0983969498", "123456", 3),
(118, "Lê Văn Hậu", "0979736876", "0979736876", "123456", 3),
(119, "Ngô Anh Vương", "0989013845", "0989013845", "123456", 3),
(120, "TRUONG ANH DUNG", "0908596141", "0908596141", "123456", 3),
(121, "LÊ THỊ XUÂN HƯƠNG", "0934050190", "0934050190", "123456", 3),
(122, "Nguyễn Văn Hoàng", "0913604104", "0913604104", "123456", 3),
(123, "cao duy dương", "0903639763", "0903639763", "123456", 3),
(124, "Lê Đặng Mỹ Hằng", "0908043838", "0908043838", "123456", 3),
(125, "Phan Tiểu Lâm", "0987160314", "0987160314", "123456", 3),
(126, "HỒ HUY VŨ", "0988651060", "0988651060", "123456", 3),
(127, "NGUYỄN TÚ QUYÊN", "0903307375", "0903307375", "123456", 3),
(128, "Bùi Mạnh Dũng", "0982416125", "0982416125", "123456", 3),
(129, "Nguyễn Anh Kiệt", "0907954923", "0907954923", "123456", 3),
(130, "Nguyễn Anh Vũ", "0918351320", "0918351320", "123456", 3),
(131, "Nguyen Duong Truong Thai", "0982950888", "0982950888", "123456", 3),
(132, "Nguyễn Văn Thái", "0903735800", "0903735800", "123456", 3),
(133, "nguyễn thị thùy linh", "0903634462", "0903634462", "123456", 3);

insert into addresses (id, user_id, address_line, district, province) values
(1, 1, "", "", ""),
(2, 2, "", "", ""),
(3, 3, "175 Dao Duy Anh Phuong 9", "Phu Nhuan", "TP. HCM"),
(4, 4, "202 Nguyen Thi Thap Tan Phong", "Quan 7", "TP. HCM"),
(5, 5, "32 Truong Dinh Phuong 7", "Quan 3", "TP. HCM"),
(6, 6, "28 Tran Hung Dao Pham Ngu Lao", "Quan 1", "TP. HCM"),
(7, 7, "273 Dien Bien Phu Phuong 7", "Quan 3", "TP. HCM"),
(8, 8, "189A Cong Quynh Nguyen Cu Trinh", "Quan 1", "TP. HCM"),
(9, 9, "230/14/5 Ung Van Khiem Phuong 25", "Binh Thanh", "TP. HCM"),
(10, 10, "6 Ba Huyen Thanh Quan Phuong 6", "Quan 3", "TP. HCM"),
(11, 11, "92 Nam Ky Khoi Nghia Ben Nghe", "Quan 1", "TP. HCM"),
(12, 12, "251 Hoang Van Thu Phuong 2", "Tan Binh", "TP. HCM"),
(13, 13, "493D/60 Thoai Ngoc Hau Phu Thanh", "Tan Phu", "TP. HCM"),
(14, 14, "256 Le Van Sy Phuong 14", "Quan 3", "TP. HCM"),
(15, 15, "789 Le Hong Phong Phuong 12", "Quan 10", "TP. HCM"),
(16, 16, "10 Nguyen Ngoc Nhut Tan Quy", "Tan Phu", "TP. HCM"),
(17, 17, "48/2/4 Me Linh Phuong 19", "Binh Thanh", "TP. HCM"),
(18, 18, "555 Minh Phung Phuong 10", "Quan 11", "TP. HCM"),
(19, 19, "633/2 Hong Bang Phuong 6", "Quan 6", "TP. HCM"),
(20, 20, "668 Xo Viet Nghe Tinh Phuong 25", "Binh Thanh", "TP. HCM"),
(21, 21, "551/17 Pham Van Chi Phuong 7", "Quan 6", "TP. HCM"),
(22, 22, "11/2 Ngo Quang Huy Thao Dien", "Quan 2", "TP. HCM"),
(23, 23, "31D Nguyen Van Mai Phuong 8", "Quan 3", "TP. HCM"),
(24, 24, "18A Ngo Van Nam Ben Nghe", "Quan 1", "TP. HCM"),
(25, 25, "118 Nguyen Dinh Chieu Dakao", "Quan 1", "TP. HCM"),
(26, 26, "1/22A Au Co Tan Son Nhi", "Tan Phu", "TP. HCM"),
(27, 27, "6/27 Cach Mang Thang Tam Ben Thanh", "Quan 1", "TP. HCM"),
(28, 28, "388 Nguyen Trai Phuong 8", "Quan 5", "TP. HCM"),
(29, 29, "8/3B Duong So 7 Tan Kieng", "Quan 7", "TP. HCM"),
(30, 30, "130/35 Hong Lac Phuong 11", "Tan Binh", "TP. HCM"),
(31, 31, "478 Minh Phung Phuong 9", "Quan 11", "TP. HCM"),
(32, 32, "290/30/28 No Trang Long Phuong 12", "Binh Thanh", "TP. HCM"),
(33, 33, "54-56 nguyễn trãi F bền thành", "Quận 1", "TPHCM"),
(34, 34, "1 Hồng Hà P2", "Quận 1", "TPHCM"),
(35, 35, "173 Nguyễn Công Trứ", "Quận 7", "TPHCM"),
(36, 36, "118 Nguyễn Văn Thủ, p.Đakao", "Quận 1", "TPHCM"),
(37, 37, "54/56 nguyễn trãi bến thành", "Quận 1", "TPHCM"),
(38, 38, "132/7 Vườn Chuối,P.4", "Quận 7", "TPHCM"),
(39, 39, "52 Phan Kế Bính,P.ĐaKao", "Quận 1", "TPHCM"),
(40, 40, "67 Hàm Nghi", "Quận 1", "TPHCM"),
(41, 41, "K206 đường 672 tổ 5 KP1 phường phước long B", "Quận 9", "TPHCM"),
(42, 42, "65 trương định", "Quận 3", "TPHCM"),
(43, 43, "11 Nguyen Thi Dieu F6", "Quận 3", "TPHCM"),
(44, 44, "Số 1 Lê Duẩn", "Quận 1", "TPHCM"),
(45, 45, "290/13e nam kì khởi nghĩa", "Quận 1", "TPHCM"),
(46, 46, "Lô 9 Đường C KCN Tân Tạo, công ty cp xd Sài Gòn", "Quận 9", "TPHCM"),
(47, 47, "370 Phan Văn Trị P12", "Quận Gò Vấp", "TPHCM"),
(48, 48, "56 Nguyen Thong,f9", "Quận 3", "TPHCM"),
(49, 49, "517 Dien Bien Phu, F25", "Bình Thạnh", "TPHCM"),
(50, 50, "big c to hien thanh", "Quận 10", "TPHCM"),
(51, 51, "704 điện biên phủ p.10", "Quận 3", "TPHCM"),
(52, 52, "77 Đòan Như Hài,F12", "Quận 4", "TPHCM"),
(53, 53, "41-43-45 Paster, F Nguyễn Thái Bình", "Quận 1", "TPHCM"),
(54, 54, "343K Lạc Long Quân - P.5", "Quận 11", "TPHCM"),
(55, 55, "5h30 18/4 Đường 1B khu phố 17 Phường Bình Hưng Hòa A", "Quận Bình Tân", "TPHCM"),
(56, 56, "200 Điện Biên Phủ - P.7", "Quận 3", "TPHCM"),
(57, 57, "So 4 cty quảng cáo trẻ alexander", "Quận 1", "TPHCM"),
(58, 58, "1B Xa Lộ Hà Nội, F.Phứơc Long B", "Quận 9", "TPHCM"),
(59, 59, "B7/10 KCX Tân Thuận", "Quận 9", "TPHCM"),
(60, 60, "Etown 3,lau 4,CTy Pasonic", "Quận Bình Tân", "TPHCM"),
(61, 61, "Số 10 Hàm Nghi", "Quận 1", "TPHCM"),
(62, 62, "Công ty Meinhardt số 259B Hai Bà Trưng", "Quận 1", "TPHCM"),
(63, 63, "cty 19M Nguyễn Hữu Cảnh", "Bình Thạnh", "TPHCM"),
(64, 64, "28 Phùng Khắc Khoan P.Đa Cao", "Quận 1", "TPHCM"),
(65, 65, "71-75 Hai Bà Trưng P.Bến Nghé", "Quận 1", "TPHCM"),
(66, 66, "117B Nguyễn Đình Chính", "Quận Phú Nhuận", "TPHCM"),
(67, 67, "13C Hồ Biểu Chánh P12 Q.Phú Nhuận", "Quận Phú Nhuận", "TPHCM"),
(68, 68, "Q1", "Quận 1", "TPHCM"),
(69, 69, "Q1", "Quận 1", "TPHCM"),
(70, 70, "cao ốc an phú gần metro", "Quận 2", "TPHCM"),
(71, 71, "53/4 Trần Khánh Dư p.ttân định q1", "Quận 1", "TPHCM"),
(72, 72, "bệnh viện 175", "Quận 6", "TPHCM"),
(73, 73, "34, ton duc thang", "Quận 1", "TPHCM"),
(74, 74, "25 Pham Ngoc Thach", "Quận 3", "TPHCM"),
(75, 75, "5h chiều ngày 2/3 tại 2/14 Cao Thắng", "Quận 3", "TPHCM"),
(76, 76, "59 Trần Quốc Hoàng - P4", "Quận Tân Bình", "TPHCM"),
(77, 77, "Khu Mỹ Khánh 1 ,số nhà B502", "Quận 7", "TPHCM"),
(78, 78, "207/51 nguyễn văn đậu p 11", "Quận 11", "TPHCM"),
(79, 79, "203 Nguyễn Trãi - Cống quỳnh- Nguyễn Trãi", "Quận 1", "TPHCM"),
(80, 80, "266-268 Nam Ky Khoi Nghia,Sacombank,lau 10, F8", "Quận 3", "TPHCM"),
(81, 81, "So1/1 Duong Hoang Viet,", "Quận 3", "TPHCM"),
(82, 82, "Công ty Acset lầu 2, 47 Điện Biên Phủ P.ĐaKao", "Quận 1", "TPHCM"),
(83, 83, "365 Nguyễn trọng tuyển p2", "Quận Tân Bình", "TPHCM"),
(84, 84, "cty sunway hà tây, B17/7-8, nguyễn văn linh, x.bình hưng, h. bình chánh", "Huyện Bình Chánh", "TPHCM"),
(85, 85, "53 Trương Quốc Dung p 10", "Quận 11", "TPHCM"),
(86, 86, "315A Trịnh Đình Trọng P Hòa Thạnh Quận Tân Phú", "Quận 11", "TPHCM"),
(87, 87, "Công ty TMA số 111 Nguyễn Đình Chính - Phú Nhuận", "Quận Phú Nhuận", "TPHCM"),
(88, 88, "9 nguyen thi minh khai", "Quận 3", "TPHCM"),
(89, 89, "25 Ngo Thoi Nhiem", "Bình Thạnh", "TPHCM"),
(90, 90, "21/12a vạn kiếp p.3", "Quận 1", "TPHCM"),
(91, 91, "79/14 Nguyễn Xí, P.26", "Quận 1", "TPHCM"),
(92, 92, "Lô C,Nhà Số 4,Lầu 6,Tô vĩnh Diện, P. Linh Chiểu", "Quận 1", "TPHCM"),
(93, 93, "21/12a vạn kiếp p.3", "Quận 3", "TPHCM"),
(94, 94, "5 Lo E4 Khu dan cu An Suong P Tan Hung Thuan", "Bình Thạnh", "TPHCM"),
(95, 95, "37 Tôn Đức Thắng", "Bình Thạnh", "TPHCM"),
(96, 96, "lai cty co ca co la xa lo ha noi", "Quận 7", "TPHCM"),
(97, 97, "205 Võ Chi Ninh, f22", "Quận 1", "TPHCM"),
(98, 98, "260 /25 lạc long quân p10,260 phan dinh phungp2 Quan pn", "Quận 7", "TPHCM"),
(99, 99, "268 To Hien Thanh", "Quận 1", "TPHCM"),
(100, 100, "số 197 đường D2 p.25 Bình thạnh", "Quận 11", "TPHCM"),
(101, 101, "184,Nguyễn Đình Chiểu,F:6,Q:3", "Quận 3", "TPHCM"),
(102, 102, "7A/5/7Thanh Thai phuong14", "Quận 10", "TPHCM"),
(103, 103, "806 nguyen van linh", "Bình Thạnh", "TPHCM"),
(104, 104, "172 Nguyen Dinh Chieu", "Quận 3", "TPHCM"),
(105, 105, "1200 Lạc Long Quân. F8", "Quận 10", "TPHCM"),
(106, 106, "số 97 nguyễn hữu cầu p.tan định q.1", "Quận 2", "TPHCM"),
(107, 107, "141 Điện Biên Phủ p15 Q Bình Thạnh", "Quận 3", "TPHCM"),
(108, 108, "số 3/39A Phan Huy Ich - P.15 - Q.Phú Nhuận(Hẻm 92 Cty Pico),", "Quận 1", "TPHCM"),
(109, 109, "số 5 Cửu Long P2 Q.Tân Bình", "Bình Thạnh", "TPHCM"),
(110, 110, "phong b 601, 91, nguyen huu canh, p22, binh thanh", "Quận 3", "TPHCM"),
(111, 111, "37, tôn duc thang", "Quận 12", "TPHCM"),
(112, 112, "135/37/50, Nguyễn Hữu Cảnh, p22, q Binh Thạnh (đường cổng sau KDL Văn Thánh, cuối đường bên trái),", "Quận 3", "TPHCM"),
(113, 113, "160 Đào dfuy anh p9", "Quận 1", "TPHCM"),
(114, 114, "861/27/24 Trần Xuân Sọan pTân Hưng,q7", "Quận Tân Bình", "TPHCM"),
(115, 115, "t7 gọi lại 54/2 Nguyễn Cư Trinh,p Phạm ngũ lão q1", "Quận Tân Bình", "TPHCM"),
(116, 116, "58 vũ tùng, f25,", "Bình Thạnh", "TPHCM"),
(117, 117, "Công Ty Tân Cảng Sài Gòn P22 Q.Bình Thạnh", "Bình Thạnh", "TPHCM"),
(118, 118, "649/8, điện biên phủ, p.25, q.bình thạnh", "Quận 5", "TPHCM"),
(119, 119, "158/2a, hoàng hoa thám, p12, q.tân bình", "Quận 11", "TPHCM"),
(120, 120, "Công ty Cổ Phần Cơ Điện Thạch Anh số 10 Phổ Quang - P.2", "Quận 11", "TPHCM"),
(121, 121, "400/3 Ung Văn Khiêm, F.25", "Bình Thạnh", "TPHCM"),
(122, 122, "551/212/9 Đường Lê Văn Khương Khu Phố 5 P.Hiệp Thành", "Quận12", "TPHCM"),
(123, 123, "474/34 nguyễn tri phuơng ,f9", "Quận 10", "TPHCM"),
(124, 124, "808 Nguyen Van Linh", "Quận 7", "TPHCM"),
(125, 125, "300/49 Xo viet nghe tinh,p 21", "Bình Thạnh", "TPHCM"),
(126, 126, "88/28 Đào Duy Anh - P9", "Quận Phú Nhuận", "TPHCM"),
(127, 127, "tại 21 nguyễn trung ngạn phương bến nghé", "Quận 1", "TPHCM"),
(128, 128, "11 Thăng Long P4", "Quận 1", "TPHCM"),
(129, 129, "Cty Ree số 34 Tôn Đức Thắng", "Quận 1", "TPHCM"),
(130, 130, "Cty Emerfon số 123 Trương Định - P7", "Quận 7", "TPHCM"),
(131, 131, "379 ben Chuong Duong phuong Cau kHo", "Quận 1", "TPHCM"),
(132, 132, "148/12/30/6,Tôn Đản,F:10", "Quận 4", "TPHCM"),
(133, 133, "73/8 Hồ hảo hớn phường cô giang", "Quận 1", "TPHCM");