INSERT INTO suppliers VALUES
    (27814,'Vinamilk'),
    (27815,'Tường An'),
    (27816,'Cholimex'),
    (27817,'Chinsu'),
    (27818,'Ajinomoto'),
    (27819,'Nam Dương'),
    (27820,'Knorr'),
    (27821,'Maggi'),
    (27822,'Heinz'),
    (27823,'Kewpie'),
    (27824,'Ottogi'),
    (27825,'Bạc Liêu'),
    (27826,'Visaco'),
    (27827,'Hương Việt'),
    (27828,'Liên Thành'),
    (27829,'Đầu Bếp Tôm'),
    (27830,'Hảo Hảo'),
    (27831,'Biên Hoà'),
    (27832,'Toàn Phát'),
    (27833,'Vifon'),
    (27834,'Vedan'),
    (27835,'Coca-cola'),
    (27836,'Pepsico'),
    (27837,'Nuvita'),
    (27838,'Dutch Lady'),
    (27839,'Vinamilk'),
    (27840,'Budweiser'),
    (27841,'333'),
    (27842,'Sài Gòn'),
    (27843,'Heineken'),
    (27844,'Tiger'),
    (27845,'Huda'),
    (27846,'Kinh Đô'),
    (27847,'Enaak'),
    (27848,'Tao Kae Noi'),
    (27849,'Swing'),
    (27850,'Toonies'),
    (27851,'Oishi'),
    (27852,'Cầu Tre'),
    (27853,'Hoa Doanh'),
    (27854,'G Kitchen'),
    (27855,'Le Gourmet'),
    (27856,'Dongwon'),
    (27857,'Seaspimex'),
    (27858,'Seafood'),
    (27859,'Hải Châu'),
    (27860,'Vĩnh Tiến'),
    (27861,'Your Superfood'),
    (27862,'Bách hoá xanh'),
    (27863,'Trung Đồng'),
    (27864,'Nhập khẩu'),
    (27865,'Pacow'),
    (27866,'CP'),
    (27867,'Meat Master'),
    (27868,'G'),
    (27869,'Leboucher'),
    (27870,'Hạnh Phúc'),
    (27871,'Đà Lạt'),
    (27872,'Hạnh Phúc'),
    (27873,'Đà Lạt'),
    (27874,'Tân Tân'),
    (27875,'Oishi'),
    (27876,'Tom''s Farm'),
    (27877,'Chacheer'),
    (27878,'Poca'),
    (27879,'Tài Tài'),
    (27880,'BaZan'),
    (27881,'Your Superfood'),
    (27882,'Noberasco'),
    (27883,'Vinahe'),
    (27884,'Tong Garden'),
    (27885,'Hello Cashew'),
    (27886,'Hương Việt'),
    (27887,'Ohla'),
    (27888,'Nhập khẩu'),
    (27889,'Việt Nam');

INSERT INTO product_categories VALUES
    (571825,'Sữa'),
    (571826,'Dầu ăn'),
    (571827,'Các loại tương, sốt'),
    (571828,'Gia vị'),
    (571829,'Nước chấm'),
    (571830,'Mì'),
    (571831,'Nước ngọt'),
    (571832,'Sữa tươi'),
    (571833,'Bia'),
    (571834,'Snack'),
    (571835,'Chả, xúc xích'),
    (571836,'Đồ hộp'),
    (571837,'Đồ khô'),
    (571838,'Cá'),
    (571839,'Tôm, mực'),
    (571840,'Thuỷ sản'),
    (571841,'Thịt bò'),
    (571842,'Thịt heo'),
    (571843,'Thịt gà'),
    (571844,'Rau'),
    (571845,'Nấm'),
    (571846,'Củ quả'),
    (571847,'Hạt các loại'),
    (571848,'Trái cây các loại');

INSERT INTO products VALUES
    (96945, 1, 'Lốc 4 hộp sữa tươi có đường Vinamilk Green Farm 180ml', 'Lốc 4 hộp sữa tươi có đường Vinamilk Green Farm 180ml', 571825, 27814, NULL, 32400, '500g', 1122, NULL), 
    (96946, 1, 'Lốc 4 hộp sữa tươi Vinamilk dâu 110ml', 'Lốc 4 hộp sữa tươi Vinamilk dâu 110ml', 571825, 27814, NULL, 20000, '500g', 188, NULL), 
    (96947, 1, 'Lốc 4 hộp sữa tươi có đường Vinamilk ADM Gold 110ml', 'Lốc 4 hộp sữa tươi có đường Vinamilk ADM Gold 110ml', 571825, 27814, NULL, 18000, '500g', 1141, NULL), 
    (96948, 1, 'Lốc 4 hộp sữa tươi ít đường Vinamilk Green Farm 180ml', 'Lốc 4 hộp sữa tươi ít đường Vinamilk Green Farm 180ml', 571825, 27814, NULL, 32400, '500g', 1695, NULL), 
    (96949, 1, 'Lốc 4 hộp sữa tươi không đường Vinamilk 100% 180ml', 'Lốc 4 hộp sữa tươi không đường Vinamilk 100% 180ml', 571825, 27814, NULL, 29300, '500g', 178, NULL), 
    (96950, 1, 'Dầu ăn Tường An Cooking Oil 250ml', 'Dầu ăn Tường An Cooking Oil 250ml', 571826, 27815, NULL, 17000, '500g', 1051, NULL), 
    (96951, 1, 'Dầu thực vật Tường An Cooking Oil chai 400ml', 'Dầu thực vật Tường An Cooking Oil chai 400ml', 571826, 27815, NULL, 20000, '500g', 2540, NULL), 
    (96952, 1, 'Dầu ăn cao cấp Tường An Gold chai 400ml', 'Dầu ăn cao cấp Tường An Gold chai 400ml', 571826, 27815, NULL, 23300, '500g', 994, NULL), 
    (96953, 1, 'Dầu đậu nành nguyên chất Tường An chai 400ml', 'Dầu đậu nành nguyên chất Tường An chai 400ml', 571826, 27815, NULL, 32000, '500g', 1115, NULL), 
    (96954, 1, 'Dầu ăn cao cấp Tường An Gold chai 1 lít', 'Dầu ăn cao cấp Tường An Gold chai 1 lít', 571826, 27815, NULL, 47800, '500g', 1298, NULL), 
    (96955, 1, 'Dầu mè Tường An chai 400ml', 'Dầu mè Tường An chai 400ml', 571826, 27815, NULL, 53400, '500g', 1435, NULL), 
    (96956, 1, 'Dầu thực vật Tường An Cooking Oil chai 1 lít', 'Dầu thực vật Tường An Cooking Oil chai 1 lít', 571826, 27815, NULL, 53800, '500g', 2479, NULL), 
    (96957, 1, 'Tương ớt Cholimex chai nhựa 270g', 'Tương ớt Cholimex chai nhựa 270g', 571827, 27816, NULL, 10600, '500g', 2236, NULL), 
    (96958, 1, 'Tương ớt Chinsu chai 250g', 'Tương ớt Chinsu chai 250g', 571827, 27817, NULL, 14000, '500g', 982, NULL), 
    (96959, 1, 'Sốt mayonnaise Ajinomoto Aji-mayo chai 260g', 'Sốt mayonnaise Ajinomoto Aji-mayo chai 260g', 571827, 27818, NULL, 32400, '500g', 149, NULL), 
    (96960, 1, 'Tương ớt cay đặc biệt Nam Dương chai 250g', 'Tương ớt cay đặc biệt Nam Dương chai 250g', 571827, 27819, NULL, 10600, '500g', 356, NULL), 
    (96961, 1, 'Tương ớt cay vừa Knorr tròn 5 vị chai 220g', 'Tương ớt cay vừa Knorr tròn 5 vị chai 220g', 571827, 27820, NULL, 15000, '500g', 504, NULL), 
    (96962, 1, 'Tương ớt hảo hạng Maggi chai 330g', 'Tương ớt hảo hạng Maggi chai 330g', 571827, 27821, NULL, 17000, '500g', 1228, NULL), 
    (96963, 1, 'Tương cà Heinz Varieties 57 chai thủy tinh 300g', 'Tương cà Heinz Varieties 57 chai thủy tinh 300g', 571827, 27822, NULL, 26000, '500g', 304, NULL), 
    (96964, 1, 'Xốt mayonnaise Kewpie hương vị Nhật chai 130g', 'Xốt mayonnaise Kewpie hương vị Nhật chai 130g', 571827, 27823, NULL, 24000, '500g', 4259, NULL), 
    (96965, 1, 'Xốt mayonnaise Ottogi chai 130g', 'Xốt mayonnaise Ottogi chai 130g', 571827, 27824, NULL, 20600, '500g', 3970, NULL), 
    (96966, 1, 'Muối hạt to Bạc Liêu gói 500g', 'Muối hạt to Bạc Liêu gói 500g', 571828, 27825, NULL, 3700, '500g', 95, NULL), 
    (96967, 1, 'Muối sạch Visaco 555 gói 500g', 'Muối sạch Visaco 555 gói 500g', 571828, 27826, NULL, 5500, '500g', 1144, NULL), 
    (96968, 1, 'Nước tương đậm đặc Maggi chai 700ml', 'Nước tương đậm đặc Maggi chai 700ml', 571829, 27821, NULL, 30400, '500g', 426, NULL), 
    (96969, 1, 'Nước tương Tam Thái Tử Nhất ca chai 500ml', 'Nước tương Tam Thái Tử Nhất ca chai 500ml', 571829, 27817, NULL, 18500, '500g', 438, NULL), 
    (96970, 1, 'Nước tương đậm đặc Cholimex chai 300ml', 'Nước tương đậm đặc Cholimex chai 300ml', 571829, 27816, NULL, 13600, '500g', 2379, NULL), 
    (96971, 1, 'Nước tương hảo vị Hương Việt chai 500ml', 'Nước tương hảo vị Hương Việt chai 500ml', 571829, 27827, NULL, 15900, '500g', 1977, NULL), 
    (96972, 1, 'Nước chấm Nam Ngư Đệ Nhị chai 900ml', 'Nước chấm Nam Ngư Đệ Nhị chai 900ml', 571829, 27817, NULL, 21000, '500g', 700, NULL), 
    (96973, 1, 'Nước mắm cao đạm Liên Thành nhãn vàng chai 300ml', 'Nước mắm cao đạm Liên Thành nhãn vàng chai 300ml', 571829, 27828, NULL, 39200, '500g', 3576, NULL), 
    (96974, 1, 'Nước mắm Đầu Bếp Tôm chai 720ml', 'Nước mắm Đầu Bếp Tôm chai 720ml', 571829, 27829, NULL, 23000, '500g', 1904, NULL), 
    (96975, 1, 'Mì Hảo Hảo gà vàng 74g', 'Mì Hảo Hảo gà vàng 74g', 571830, 27830, NULL, 3900, '500g', 630, NULL), 
    (96976, 1, 'Mì xào Hảo Hảo tôm hành 75g', 'Mì xào Hảo Hảo tôm hành 75g', 571830, 27830, NULL, 4000, '500g', 448, NULL), 
    (96977, 1, 'Mì xào Hảo Hảo tôm chua ngọt 75g', 'Mì xào Hảo Hảo tôm chua ngọt 75g', 571830, 27830, NULL, 4000, '500g', 174, NULL), 
    (96978, 1, 'Mì Hảo Hảo sườn heo tỏi phi 73g', 'Mì Hảo Hảo sườn heo tỏi phi 73g', 571830, 27830, NULL, 3900, '500g', 408, NULL), 
    (96979, 1, 'Mì Hảo Hảo tôm chua cay 75g', 'Mì Hảo Hảo tôm chua cay 75g', 571830, 27830, NULL, 3900, '500g', 2004, NULL), 
    (96980, 1, 'Mì Hảo Hảo sa tế hành tím 75g', 'Mì Hảo Hảo sa tế hành tím 75g', 571830, 27830, NULL, 3900, '500g', 651, NULL), 
    (96981, 1, 'Đường mía thượng hạng Biên Hòa gói 1kg', 'Đường mía thượng hạng Biên Hòa gói 1kg', 571828, 27831, NULL, 27300, '500g', 1515, NULL), 
    (96982, 1, 'Đường mía Toàn Phát gói 1kg', 'Đường mía Toàn Phát gói 1kg', 571828, 27832, NULL, 25600, '500g', 1244, NULL), 
    (96983, 1, 'Hạt nêm thịt thăn,  xương ống,  tủy Knorr gói 1, 2kg', 'Hạt nêm thịt thăn,  xương ống,  tủy Knorr gói 1, 2kg', 571828, 27820, NULL, 93000, '500g', 2230, NULL), 
    (96984, 1, 'Bột ngọt hạt nhỏ Ajinomoto gói 2kg', 'Bột ngọt hạt nhỏ Ajinomoto gói 2kg', 571828, 27818, NULL, 114000, '500g', 326, NULL), 
    (96985, 1, 'Bột canh Vifon gói 200g', 'Bột canh Vifon gói 200g', 571828, 27833, NULL, 5800, '500g', 773, NULL), 
    (96986, 1, 'Hạt nêm vị heo Aji-ngon gói 400g', 'Hạt nêm vị heo Aji-ngon gói 400g', 571828, 27818, NULL, 33000, '500g', 1530, NULL), 
    (96987, 1, 'Bột ngọt hạt nhỏ Vedan gói 1kg', 'Bột ngọt hạt nhỏ Vedan gói 1kg', 571828, 27834, NULL, 59800, '500g', 988, NULL), 
    (96988, 1, '6 chai nước ngọt Coca Cola 390ml', '6 chai nước ngọt Coca Cola 390ml', 571831, 27835, NULL, 43400, '500g', 653, NULL), 
    (96989, 1, '6 lon nước ngọt 7 Up chanh 320ml', '6 lon nước ngọt 7 Up chanh 320ml', 571831, 27836, NULL, 63800, '500g', 236, NULL), 
    (96990, 1, '6 lon nước ngọt Pepsi Cola 320ml', '6 lon nước ngọt Pepsi Cola 320ml', 571831, 27836, NULL, 60000, '500g', 3636, NULL), 
    (96991, 2, 'Lốc 4 hộp sữa tươi có đường Nuvita 110ml', 'Lốc 4 hộp sữa tươi có đường Nuvita 110ml', 571832, 27837, NULL, 17000, '500g', 370, NULL), 
    (96992, 2, 'Lốc 4 hộp sữa tươi Dutch Lady dâu 110ml', 'Lốc 4 hộp sữa tươi Dutch Lady dâu 110ml', 571832, 27838, NULL, 18000, '500g', 159, NULL), 
    (96993, 2, 'Lốc 4 hộp sữa tươi có đường Vinamilk ADM Gold 110ml', 'Lốc 4 hộp sữa tươi có đường Vinamilk ADM Gold 110ml', 571832, 27839, NULL, 18000, '500g', 230, NULL), 
    (96994, 2, 'Lốc 4 hộp sữa tươi ít đường Vinamilk 110ml', 'Lốc 4 hộp sữa tươi ít đường Vinamilk 110ml', 571832, 27839, NULL, 19000, '500g', 5620, NULL), 
    (96995, 2, 'Thùng 20 lon bia Budweiser 330ml', 'Thùng 20 lon bia Budweiser 330ml', 571833, 27840, NULL, 300000, '500g', 331, NULL), 
    (96996, 2, 'Thùng 24 lon bia 333 330ml', 'Thùng 24 lon bia 333 330ml', 571833, 27841, NULL, 275000, '500g', 4997, NULL), 
    (96997, 2, 'Thùng 24 lon bia Sài Gòn Lager 330ml', 'Thùng 24 lon bia Sài Gòn Lager 330ml', 571833, 27842, NULL, 265000, '500g', 150, NULL), 
    (96998, 2, 'Thùng 24 lon bia Heineken Silver 330ml', 'Thùng 24 lon bia Heineken Silver 330ml', 571833, 27843, NULL, 437000, '500g', 2438, NULL), 
    (96999, 2, 'Thùng 24 lon bia Tiger Crystal 330ml', 'Thùng 24 lon bia Tiger Crystal 330ml', 571833, 27844, NULL, 410000, '500g', 4, NULL), 
    (97000, 2, 'Thùng 24 lon bia Huda 330ml', 'Thùng 24 lon bia Huda 330ml', 571833, 27845, NULL, 250000, '500g', 2321, NULL), 
    (97001, 2, 'Snack vị cua hiệu Kinh Đô gói 32g', 'Snack vị cua hiệu Kinh Đô gói 32g', 571834, 27846, NULL, 5100, '500g', 621, NULL), 
    (97002, 2, 'Snack mì hương gà Enaak 30g', 'Snack mì hương gà Enaak 30g', 571834, 27847, NULL, 5000, '500g', 201, NULL), 
    (97003, 2, 'Snack rong biển giòn vị cay Tao Kae Noi gói 32g', 'Snack rong biển giòn vị cay Tao Kae Noi gói 32g', 571834, 27848, NULL, 31300, '500g', 1364, NULL), 
    (97004, 2, 'Snack khoai tây bít tết kiểu new york Swing gói 30g', 'Snack khoai tây bít tết kiểu new york Swing gói 30g', 571834, 27849, NULL, 6000, '500g', 923, NULL), 
    (97005, 2, 'Snack vị socola Toonies gói 70g', 'Snack vị socola Toonies gói 70g', 571834, 27850, NULL, 12600, '500g', 3470, NULL), 
    (97006, 2, 'Snack pho mát miếng Oishi gói 39g', 'Snack pho mát miếng Oishi gói 39g', 571834, 27851, NULL, 5000, '500g', 1225, NULL), 
    (97007, 2, 'Chả lụa quết Nhất Phẩm Cầu Tre gói 200g', 'Chả lụa quết Nhất Phẩm Cầu Tre gói 200g', 571835, 27852, NULL, 51000, '500g', 501, NULL), 
    (97008, 2, 'Xúc xích phô mai vị Hàn Quốc Hoa Doanh gói 300g', 'Xúc xích phô mai vị Hàn Quốc Hoa Doanh gói 300g', 571835, 27853, NULL, 69800, '500g', 989, NULL), 
    (97009, 2, 'Chả lụa bì ớt xiêm xanh G Kitchen cây 200g', 'Chả lụa bì ớt xiêm xanh G Kitchen cây 200g', 571835, 27854, NULL, 47000, '500g', 3736, NULL), 
    (97010, 2, 'Chả bò Le Gourmet gói 200g', 'Chả bò Le Gourmet gói 200g', 571835, 27855, NULL, 48000, '500g', 252, NULL), 
    (97011, 2, 'Chả lụa quết bì ớt xiêm xanh Cầu Tre gói 500g', 'Chả lụa quết bì ớt xiêm xanh Cầu Tre gói 500g', 571835, 27852, NULL, 129000, '500g', 40, NULL), 
    (97012, 2, 'Giò thủ Le Gourmet gói 200g', 'Giò thủ Le Gourmet gói 200g', 571835, 27855, NULL, 39000, '500g', 2388, NULL), 
    (97013, 2, 'Cá ngừ rau củ Dongwon lon 100g', 'Cá ngừ rau củ Dongwon lon 100g', 571836, 27856, NULL, 34000, '500g', 936, NULL), 
    (97014, 2, 'Cá ngừ vị ớt cay gấp đôi Dongwon lon 100g', 'Cá ngừ vị ớt cay gấp đôi Dongwon lon 100g', 571836, 27856, NULL, 34000, '500g', 3089, NULL), 
    (97015, 2, 'Cá ngừ vị ớt cay Dongwon lon 100g', 'Cá ngừ vị ớt cay Dongwon lon 100g', 571836, 27856, NULL, 34000, '500g', 3904, NULL), 
    (97016, 2, 'Cá ngừ trắng ngâm dầu Dongwon lon 100g', 'Cá ngừ trắng ngâm dầu Dongwon lon 100g', 571836, 27856, NULL, 34000, '500g', 1178, NULL), 
    (97017, 2, 'Cá biển ngâm dầu Seaspimex hộp 185g', 'Cá biển ngâm dầu Seaspimex hộp 185g', 571836, 27857, NULL, 18000, '500g', 1643, NULL), 
    (97018, 2, 'Cá chai nướng Seafood gói 35g', 'Cá chai nướng Seafood gói 35g', 571836, 27858, NULL, 29000, '500g', 584, NULL), 
    (97019, 2, 'Thịt bò khô Hải Châu gói 24g', 'Thịt bò khô Hải Châu gói 24g', 571837, 27859, NULL, 31000, '500g', 3414, NULL), 
    (97020, 2, 'Thịt bò khô Hải Châu gói 50g', 'Thịt bò khô Hải Châu gói 50g', 571837, 27859, NULL, 64800, '500g', 2200, NULL), 
    (97021, 2, 'Mực nướng Seafood gói 35g', 'Mực nướng Seafood gói 35g', 571837, 27858, NULL, 36000, '500g', 2481, NULL), 
    (97022, 2, 'Cơm sấy chà bông cá truyền thống Vĩnh Tiến gói 90g', 'Cơm sấy chà bông cá truyền thống Vĩnh Tiến gói 90g', 571837, 27860, NULL, 45000, '500g', 1856, NULL), 
    (97023, 2, 'Hạt Macca Việt Nam nứt vỏ Your Superfood hũ 360g', 'Hạt Macca Việt Nam nứt vỏ Your Superfood hũ 360g', 571837, 27861, NULL, 120000, '500g', 1171, NULL), 
    (97024, 2, 'Hạt điều rang củi nhân Your Superfood hũ 240g', 'Hạt điều rang củi nhân Your Superfood hũ 240g', 571837, 27861, NULL, 95500, '500g', 2490, NULL), 
    (97025, 2, 'Hạt điều rang củi vỏ lụa Your Superfood gói 200g', 'Hạt điều rang củi vỏ lụa Your Superfood gói 200g', 571837, 27861, NULL, 64000, '500g', 265, NULL), 
    (97026, 3, 'Lườn cá hồi đông lạnh túi 300g (miếng dài 1-3cm)', 'Lườn cá hồi đông lạnh túi 300g (miếng dài 1-3cm)', 571838, 27862, NULL, 39000, '500g', 1130, NULL), 
    (97027, 3, 'Cá hồi cắt khúc túi 300g', 'Cá hồi cắt khúc túi 300g', 571838, 27862, NULL, 99000, '500g', 1701, NULL), 
    (97028, 3, 'Đầu cá hồi tươi túi 1kg (300g - 500g/cái)', 'Đầu cá hồi tươi túi 1kg (300g - 500g/cái)', 571838, 27862, NULL, 59000, '500g', 4558, NULL), 
    (97029, 3, 'Mực ghim hấp khay 300g', 'Mực ghim hấp khay 300g', 571839, 27862, NULL, 69000, '500g', 1178, NULL), 
    (97030, 3, 'Mực xà (lửa) hấp khay 300g', 'Mực xà (lửa) hấp khay 300g', 571839, 27862, NULL, 24000, '500g', 743, NULL), 
    (97031, 3, 'Cá nục suôn xanh hấp túi 300g (6 - 8 con)', 'Cá nục suôn xanh hấp túi 300g (6 - 8 con)', 571838, 27862, NULL, 27000, '500g', 2773, NULL), 
    (97032, 3, 'Cá nục bông hấp túi 300g', 'Cá nục bông hấp túi 300g', 571838, 27862, NULL, 24000, '500g', 997, NULL), 
    (97033, 3, 'Cá nục làm sạch 500g (5-7 con)', 'Cá nục làm sạch 500g (5-7 con)', 571838, 27862, NULL, 40000, '500g', 59, NULL), 
    (97034, 3, 'Đuôi cá thu nướng vỉ 300g', 'Đuôi cá thu nướng vỉ 300g', 571838, 27862, NULL, 52000, '500g', 2886, NULL), 
    (97035, 3, 'Cá thu atka nhập khẩu đông lạnh túi 500g', 'Cá thu atka nhập khẩu đông lạnh túi 500g', 571838, 27862, NULL, 34500, '500g', 1691, NULL), 
    (97036, 3, 'Cá thu đao nguyên con túi 500g (5-8 con)', 'Cá thu đao nguyên con túi 500g (5-8 con)', 571838, 27862, NULL, 75000, '500g', 817, NULL), 
    (97037, 3, 'Tôm càng khay 500g (5 - 10 con)', 'Tôm càng khay 500g (5 - 10 con)', 571839, 27862, NULL, 150000, '500g', 2605, NULL), 
    (97038, 3, 'Tôm thẻ nguyên con khay 250g (10 - 13 con)', 'Tôm thẻ nguyên con khay 250g (10 - 13 con)', 571839, 27862, NULL, 50000, '500g', 2793, NULL), 
    (97039, 3, 'Cá lưỡi trâu 1 nắng khay 250g (6-7 con)', 'Cá lưỡi trâu 1 nắng khay 250g (6-7 con)', 571838, 27862, NULL, 49000, '500g', 1287, NULL), 
    (97040, 3, 'Cá đù xẻ 1 nắng khay 250g (3 - 5 con)', 'Cá đù xẻ 1 nắng khay 250g (3 - 5 con)', 571838, 27862, NULL, 65000, '500g', 965, NULL), 
    (97041, 3, 'Cá đổng 1 nắng khay 250g (4 - 6 con)', 'Cá đổng 1 nắng khay 250g (4 - 6 con)', 571838, 27862, NULL, 55000, '500g', 666, NULL), 
    (97042, 3, 'Cá bạc má xẻ 1 nắng khay 250g (7 - 9 con)', 'Cá bạc má xẻ 1 nắng khay 250g (7 - 9 con)', 571838, 27862, NULL, 60000, '500g', 626, NULL), 
    (97043, 3, 'Cá đù con 1 nắng khay 250g (6 - 8 con)', 'Cá đù con 1 nắng khay 250g (6 - 8 con)', 571838, 27862, NULL, 55000, '500g', 3199, NULL), 
    (97044, 3, 'Cá đục 1 nắng khay 250g (12 - 17 con)', 'Cá đục 1 nắng khay 250g (12 - 17 con)', 571838, 27862, NULL, 68000, '500g', 1989, NULL), 
    (97045, 3, 'Cá nục 1 nắng khay 250g (7 - 10 con)', 'Cá nục 1 nắng khay 250g (7 - 10 con)', 571838, 27862, NULL, 44000, '500g', 4389, NULL), 
    (97046, 3, 'Cá đổng xẻ 1 nắng khay 250g (4 - 6 con)', 'Cá đổng xẻ 1 nắng khay 250g (4 - 6 con)', 571838, 27862, NULL, 68000, '500g', 3733, NULL), 
    (97047, 3, 'Cá bạc má 1 nắng khay 250g (4 - 6 con)', 'Cá bạc má 1 nắng khay 250g (4 - 6 con)', 571838, 27862, NULL, 46000, '500g', 1652, NULL), 
    (97048, 3, 'Đầu cá basa vỉ 600gr (1-2 đầu)', 'Đầu cá basa vỉ 600gr (1-2 đầu)', 571838, 27862, NULL, 20000, '500g', 3609, NULL), 
    (97049, 3, 'Cá ngừ nguyên con làm sạch khay 600g - 800g (1-2 con)', 'Cá ngừ nguyên con làm sạch khay 600g - 800g (1-2 con)', 571838, 27862, NULL, 40000, '500g', 826, NULL), 
    (97050, 3, 'Cá trích nhập khẩu đông lạnh túi 500g', 'Cá trích nhập khẩu đông lạnh túi 500g', 571838, 27862, NULL, 34500, '500g', 12, NULL), 
    (97051, 3, 'Cá trê nguyên con làm sạch túi 600g - 800g (1-2 con)', 'Cá trê nguyên con làm sạch túi 600g - 800g (1-2 con)', 571838, 27862, NULL, 40000, '500g', 681, NULL), 
    (97052, 3, 'Cá ngừ nướng vỉ 300g', 'Cá ngừ nướng vỉ 300g', 571838, 27862, NULL, 48000, '500g', 1549, NULL), 
    (97053, 3, 'Cá basa cắt khúc túi 500g (giao ngẫu nhiên đầu/đuôi)', 'Cá basa cắt khúc túi 500g (giao ngẫu nhiên đầu/đuôi)', 571838, 27862, NULL, 40000, '500g', 736, NULL), 
    (97054, 3, 'Thịt hến làm sạch khay 300g', 'Thịt hến làm sạch khay 300g', 571840, 27862, NULL, 31000, '500g', 741, NULL), 
    (97055, 3, 'Ếch làm sạch khay 500g (4 - 6 con)', 'Ếch làm sạch khay 500g (4 - 6 con)', 571840, 27862, NULL, 60000, '500g', 802, NULL), 
    (97056, 4, 'Thăn bò Úc tươi Trung Đồng hút chân không khay 250g', 'Thăn bò Úc tươi Trung Đồng hút chân không khay 250g', 571841, 27863, NULL, 129000, '500g', 2476, NULL), 
    (97057, 4, 'Thăn bò nhập khẩu đông lạnh túi 500g', 'Thăn bò nhập khẩu đông lạnh túi 500g', 571841, 27864, NULL, 157000, '500g', 1575, NULL), 
    (97058, 4, 'Đùi bò nhập khẩu đông lạnh túi 500g', 'Đùi bò nhập khẩu đông lạnh túi 500g', 571841, 27864, NULL, 123000, '500g', 107, NULL), 
    (97059, 4, 'Đùi bò Úc tươi Trung Đồng hút chân không khay 250g', 'Đùi bò Úc tươi Trung Đồng hút chân không khay 250g', 571841, 27863, NULL, 114000, '500g', 5577, NULL), 
    (97060, 4, 'Bít tết đùi bò Úc mát Pacow vỉ 250g', 'Bít tết đùi bò Úc mát Pacow vỉ 250g', 571841, 27865, NULL, 118000, '500g', 566, NULL), 
    (97061, 4, 'Thịt bò Úc xay Pacow vỉ 250g', 'Thịt bò Úc xay Pacow vỉ 250g', 571841, 27865, NULL, 69500, '500g', 1006, NULL), 
    (97062, 4, 'Bò bít tết nhập khẩu đông lạnh túi 500g', 'Bò bít tết nhập khẩu đông lạnh túi 500g', 571841, 27864, NULL, 163000, '500g', 408, NULL), 
    (97063, 4, 'Vai bò Úc tươi Trung Đồng hút chân không khay 250g', 'Vai bò Úc tươi Trung Đồng hút chân không khay 250g', 571841, 27863, NULL, 105000, '500g', 2284, NULL), 
    (97064, 4, 'Thịt ba chỉ bò Úc Pacow vỉ 250g', 'Thịt ba chỉ bò Úc Pacow vỉ 250g', 571841, 27865, NULL, 109000, '500g', 835, NULL), 
    (97065, 4, 'Gù bò nhập khẩu đông lạnh túi 500g', 'Gù bò nhập khẩu đông lạnh túi 500g', 571841, 27864, NULL, 125000, '500g', 1221, NULL), 
    (97066, 4, 'Thịt bò Úc cắt khối lúc lắc Pacow vỉ 250g', 'Thịt bò Úc cắt khối lúc lắc Pacow vỉ 250g', 571841, 27865, NULL, 102000, '500g', 3783, NULL), 
    (97067, 4, 'Nạm bò Úc tươi Trung Đồng hút chân không khay 250g', 'Nạm bò Úc tươi Trung Đồng hút chân không khay 250g', 571841, 27863, NULL, 84000, '500g', 208, NULL), 
    (97068, 4, 'Bắp bò nhập khẩu đông lạnh túi 500g', 'Bắp bò nhập khẩu đông lạnh túi 500g', 571841, 27864, NULL, 99500, '500g', 2830, NULL), 
    (97069, 4, 'Thịt bò Úc xào Pacow vỉ 250g', 'Thịt bò Úc xào Pacow vỉ 250g', 571841, 27865, NULL, 99000, '500g', 84, NULL), 
    (97070, 4, 'Gầu bò Úc tươi Trung Đồng hút chân không khay 250g', 'Gầu bò Úc tươi Trung Đồng hút chân không khay 250g', 571841, 27863, NULL, 89000, '500g', 3249, NULL), 
    (97071, 4, 'Bắp bò Úc tươi Trung Đồng hút chân không khay 250g', 'Bắp bò Úc tươi Trung Đồng hút chân không khay 250g', 571841, 27863, NULL, 109000, '500g', 2669, NULL), 
    (97072, 4, 'Thịt bò tái Úc Pacow vỉ 250g', 'Thịt bò tái Úc Pacow vỉ 250g', 571841, 27865, NULL, 105000, '500g', 1750, NULL), 
    (97073, 4, 'Thịt ba rọi heo C.P khay 500g', 'Thịt ba rọi heo C.P khay 500g', 571842, 27866, NULL, 88000, '500g', 2174, NULL), 
    (97074, 4, 'Ba rọi heo Meat Master khay 400g', 'Ba rọi heo Meat Master khay 400g', 571842, 27867, NULL, 79500, '500g', 49, NULL), 
    (97075, 4, 'Thịt ba rọi heo G khay 300g', 'Thịt ba rọi heo G khay 300g', 571842, 27868, NULL, 63000, '500g', 1396, NULL), 
    (97076, 4, 'Ba rọi heo nhập khẩu túi 500g', 'Ba rọi heo nhập khẩu túi 500g', 571842, 27864, NULL, 63500, '500g', 2688, NULL), 
    (97077, 4, 'Ba rọi heo rút sườn C.P khay 500g', 'Ba rọi heo rút sườn C.P khay 500g', 571842, 27866, NULL, 119000, '500g', 579, NULL), 
    (97078, 4, 'Ba rọi heo rút sườn G khay 300g', 'Ba rọi heo rút sườn G khay 300g', 571842, 27868, NULL, 83500, '500g', 1915, NULL), 
    (97079, 4, 'Ba rọi heo rút sườn C.P khay 300g', 'Ba rọi heo rút sườn C.P khay 300g', 571842, 27866, NULL, 71500, '500g', 25, NULL), 
    (97080, 4, 'Sườn non heo nhập khẩu đông lạnh túi 500g', 'Sườn non heo nhập khẩu đông lạnh túi 500g', 571842, 27864, NULL, 60000, '500g', 628, NULL), 
    (97081, 4, 'Sườn non heo Meat Master khay 400g', 'Sườn non heo Meat Master khay 400g', 571842, 27867, NULL, 120000, '500g', 222, NULL), 
    (97082, 4, 'Sườn già heo G khay 300g', 'Sườn già heo G khay 300g', 571842, 27868, NULL, 55500, '500g', 5471, NULL), 
    (97083, 4, 'Sườn non heo C.P khay 500g', 'Sườn non heo C.P khay 500g', 571842, 27866, NULL, 109000, '500g', 1618, NULL), 
    (97084, 4, 'Sườn già heo C.P khay 500g', 'Sườn già heo C.P khay 500g', 571842, 27866, NULL, 74500, '500g', 3038, NULL), 
    (97085, 4, 'Sườn già heo Meat Master khay 400g', 'Sườn già heo Meat Master khay 400g', 571842, 27867, NULL, 73500, '500g', 1183, NULL), 
    (97086, 4, 'Sườn non heo G khay 300g', 'Sườn non heo G khay 300g', 571842, 27868, NULL, 91500, '500g', 3340, NULL), 
    (97087, 4, 'Chân giò heo nhập khẩu đông lạnh khay 300g', 'Chân giò heo nhập khẩu đông lạnh khay 300g', 571842, 27864, NULL, 19500, '500g', 2855, NULL), 
    (97088, 4, 'Chân giò heo trước C.P khay 500g', 'Chân giò heo trước C.P khay 500g', 571842, 27866, NULL, 59000, '500g', 697, NULL), 
    (97089, 4, 'Dựng heo trước C.P khay 500g', 'Dựng heo trước C.P khay 500g', 571842, 27866, NULL, 59500, '500g', 4227, NULL), 
    (97090, 4, 'Thịt bắp giò heo C.P khay 300g', 'Thịt bắp giò heo C.P khay 300g', 571842, 27866, NULL, 39500, '500g', 1470, NULL), 
    (97091, 4, 'Dựng heo Meat Master khay 400g', 'Dựng heo Meat Master khay 400g', 571842, 27867, NULL, 48000, '500g', 900, NULL), 
    (97092, 4, 'Chân giò heo sau C.P khay 500g', 'Chân giò heo sau C.P khay 500g', 571842, 27866, NULL, 59000, '500g', 124, NULL), 
    (97093, 4, 'Bắp giò heo nhập khẩu đông lạnh túi 500g', 'Bắp giò heo nhập khẩu đông lạnh túi 500g', 571842, 27864, NULL, 50500, '500g', 379, NULL), 
    (97094, 4, 'Xương đuôi heo Meat Master khay 400g (2-4 miếng)', 'Xương đuôi heo Meat Master khay 400g (2-4 miếng)', 571842, 27867, NULL, 44000, '500g', 790, NULL), 
    (97095, 4, 'Xương ống heo C.P khay 500g', 'Xương ống heo C.P khay 500g', 571842, 27866, NULL, 49000, '500g', 2137, NULL), 
    (97096, 4, 'Xương cổ heo G khay 500g', 'Xương cổ heo G khay 500g', 571842, 27868, NULL, 69500, '500g', 104, NULL), 
    (97097, 4, 'Xương que heo nhập khẩu đông lạnh túi 500g', 'Xương que heo nhập khẩu đông lạnh túi 500g', 571842, 27864, NULL, 39500, '500g', 2249, NULL), 
    (97098, 4, 'Nạc dăm heo nhập khẩu đông lạnh túi 500g', 'Nạc dăm heo nhập khẩu đông lạnh túi 500g', 571842, 27864, NULL, 65500, '500g', 2596, NULL), 
    (97099, 4, 'Đùi tỏi gà Leboucher khay 500g', 'Đùi tỏi gà Leboucher khay 500g', 571843, 27869, NULL, 45000, '500g', 4488, NULL), 
    (97100, 4, 'Má đùi gà C.P khay 500g', 'Má đùi gà C.P khay 500g', 571843, 27866, NULL, 32500, '500g', 2258, NULL), 
    (97101, 4, 'Đùi gà góc tư Leboucher khay 500g', 'Đùi gà góc tư Leboucher khay 500g', 571843, 27869, NULL, 35000, '500g', 1484, NULL), 
    (97102, 4, 'Đùi gà góc tư C.P khay 500g', 'Đùi gà góc tư C.P khay 500g', 571843, 27866, NULL, 39500, '500g', 2308, NULL), 
    (97103, 4, 'Má đùi gà có xương lưng Leboucher khay 500g', 'Má đùi gà có xương lưng Leboucher khay 500g', 571843, 27869, NULL, 32000, '500g', 40, NULL), 
    (97104, 4, 'Đùi gà góc tư nhập khẩu túi 500g', 'Đùi gà góc tư nhập khẩu túi 500g', 571843, 27864, NULL, 24500, '500g', 89, NULL), 
    (97105, 4, 'Đùi gà phi lê Leboucher khay 500g', 'Đùi gà phi lê Leboucher khay 500g', 571843, 27869, NULL, 50000, '500g', 1492, NULL), 
    (97106, 4, 'Đùi tỏi gà C.P khay 500g', 'Đùi tỏi gà C.P khay 500g', 571843, 27866, NULL, 50000, '500g', 2137, NULL), 
    (97107, 4, 'Đùi gà tháo khớp C.P khay 500g', 'Đùi gà tháo khớp C.P khay 500g', 571843, 27866, NULL, 41000, '500g', 453, NULL), 
    (97108, 4, 'Đùi tỏi gà nhập khẩu đông lạnh túi 500g', 'Đùi tỏi gà nhập khẩu đông lạnh túi 500g', 571843, 27864, NULL, 34000, '500g', 573, NULL), 
    (97109, 4, 'Cánh gà giữa nhập khẩu đông lạnh túi 500g', 'Cánh gà giữa nhập khẩu đông lạnh túi 500g', 571843, 27864, NULL, 49500, '500g', 465, NULL), 
    (97110, 4, 'Chân gà Leboucher khay 500g', 'Chân gà Leboucher khay 500g', 571843, 27869, NULL, 33000, '500g', 184, NULL), 
    (97111, 4, ' Chân gà rút xương Leboucher khay 500g', ' Chân gà rút xương Leboucher khay 500g', 571843, 27869, NULL, 85000, '500g', 17, NULL), 
    (97112, 4, ' Cánh tỏi gà Leboucher khay 500g', ' Cánh tỏi gà Leboucher khay 500g', 571843, 27869, NULL, 47000, '500g', 1180, NULL), 
    (97113, 4, 'Cánh tỏi gà nhập khẩu đông lạnh túi 500g', 'Cánh tỏi gà nhập khẩu đông lạnh túi 500g', 571843, 27864, NULL, 42500, '500g', 97, NULL), 
    (97114, 4, 'Chân gà C.P khay 500g', 'Chân gà C.P khay 500g', 571843, 27866, NULL, 35000, '500g', 3288, NULL), 
    (97115, 4, 'Cánh gà C.P khay 500g', 'Cánh gà C.P khay 500g', 571843, 27866, NULL, 51000, '500g', 495, NULL), 
    (97116, 4, 'Cánh gà nhập khẩu đông lạnh túi 500g', 'Cánh gà nhập khẩu đông lạnh túi 500g', 571843, 27864, NULL, 40500, '500g', 153, NULL), 
    (97117, 4, 'Đùi cánh gà tươi C.P khay 500g', 'Đùi cánh gà tươi C.P khay 500g', 571843, 27866, NULL, 45500, '500g', 374, NULL), 
    (97118, 5, 'Cải bẹ dún thuỷ canh gói 300g', 'Cải bẹ dún thuỷ canh gói 300g', 571844, 27870, NULL, 15000, '500g', 1954, NULL), 
    (97119, 5, 'Cải bẹ xanh baby gói 300g', 'Cải bẹ xanh baby gói 300g', 571844, 27870, NULL, 13500, '500g', 3417, NULL), 
    (97120, 5, 'Cải bẹ xanh thuỷ canh gói 300g', 'Cải bẹ xanh thuỷ canh gói 300g', 571844, 27870, NULL, 14000, '500g', 637, NULL), 
    (97121, 5, 'Xà lách lô lô xanh gói 500g', 'Xà lách lô lô xanh gói 500g', 571844, 27870, NULL, 15000, '500g', 984, NULL), 
    (97122, 5, 'Xà lách búp mỡ gói 500g', 'Xà lách búp mỡ gói 500g', 571844, 27870, NULL, 15000, '500g', 1106, NULL), 
    (97123, 5, 'Xà lách xoong Đà Lạt bó 500g', 'Xà lách xoong Đà Lạt bó 500g', 571844, 27870, NULL, 18000, '500g', 148, NULL), 
    (97124, 5, 'Cải thìa thuỷ canh túi 300g', 'Cải thìa thuỷ canh túi 300g', 571844, 27870, NULL, 15000, '500g', 1144, NULL), 
    (97125, 5, 'Cải thìa baby gói 300g', 'Cải thìa baby gói 300g', 571844, 27870, NULL, 13500, '500g', 1043, NULL), 
    (97126, 5, 'Cải ngọt baby gói 300g', 'Cải ngọt baby gói 300g', 571844, 27870, NULL, 13500, '500g', 410, NULL), 
    (97127, 5, 'Cải ngọt thuỷ canh túi 300g', 'Cải ngọt thuỷ canh túi 300g', 571844, 27870, NULL, 15000, '500g', 2923, NULL), 
    (97128, 5, 'Cải bó xôi gói 300g', 'Cải bó xôi gói 300g', 571844, 27870, NULL, 9000, '500g', 1319, NULL), 
    (97129, 5, 'Cải bó xôi túi 300gr', 'Cải bó xôi túi 300gr', 571844, 27870, NULL, 15000, '500g', 4191, NULL), 
    (97130, 5, 'Bắp cải thảo túi 500g (1 bắp)', 'Bắp cải thảo túi 500g (1 bắp)', 571844, 27870, NULL, 10000, '500g', 2533, NULL), 
    (97131, 5, 'Nấm đùi gà vỉ 200g', 'Nấm đùi gà vỉ 200g', 571845, 27870, NULL, 23000, '500g', 2767, NULL), 
    (97132, 5, 'Nấm hải sản vỉ 150g', 'Nấm hải sản vỉ 150g', 571845, 27870, NULL, 21000, '500g', 3171, NULL), 
    (97133, 5, 'Nấm bào ngư xám gói 300g', 'Nấm bào ngư xám gói 300g', 571845, 27870, NULL, 24000, '500g', 1946, NULL), 
    (97134, 5, 'Nấm kim châm Hàn Quốc gói 150g', 'Nấm kim châm Hàn Quốc gói 150g', 571845, 27870, NULL, 15000, '500g', 715, NULL), 
    (97135, 5, 'Nấm bào ngư trắng gói 300g', 'Nấm bào ngư trắng gói 300g', 571845, 27870, NULL, 15500, '500g', 52, NULL), 
    (97136, 5, 'Cà rốt Đà Lạt túi 500g (2 - 5 củ)', 'Cà rốt Đà Lạt túi 500g (2 - 5 củ)', 571846, 27871, NULL, 12500, '500g', 59, NULL), 
    (97137, 5, 'Củ cải trắng túi 500g (2 - 5 củ)', 'Củ cải trắng túi 500g (2 - 5 củ)', 571846, 27871, NULL, 9000, '500g', 864, NULL), 
    (97138, 5, 'Khoai tây túi 500g (3 - 7 củ)', 'Khoai tây túi 500g (3 - 7 củ)', 571846, 27871, NULL, 12500, '500g', 4256, NULL), 
    (97139, 5, 'Khổ qua gói 500g (3-5 trái)', 'Khổ qua gói 500g (3-5 trái)', 571846, 27871, NULL, 16500, '500g', 410, NULL), 
    (97140, 5, 'Su hào xanh túi 500g (2 - 3 củ)', 'Su hào xanh túi 500g (2 - 3 củ)', 571846, 27871, NULL, 11500, '500g', 1329, NULL), 
    (97141, 5, 'Cà chua túi 1kg (10 - 12 trái)', 'Cà chua túi 1kg (10 - 12 trái)', 571846, 27871, NULL, 28000, '500g', 4300, NULL), 
    (97142, 5, 'Dưa leo baby 500g (8-10 trái)', 'Dưa leo baby 500g (8-10 trái)', 571846, 27871, NULL, 18000, '500g', 2437, NULL), 
    (97143, 5, 'Ớt chuông xanh túi 300g (1-3 trái)', 'Ớt chuông xanh túi 300g (1-3 trái)', 571846, 27871, NULL, 18000, '500g', 28, NULL), 
    (97144, 5, 'Ớt chuông xanh túi 300g (3 - 4 trái)', 'Ớt chuông xanh túi 300g (3 - 4 trái)', 571846, 27871, NULL, 18000, '500g', 681, NULL), 
    (97145, 5, 'Ớt chuông đỏ túi 300g (1-2 quả)', 'Ớt chuông đỏ túi 300g (1-2 quả)', 571846, 27871, NULL, 19500, '500g', 259, NULL), 
    (97146, 5, 'Ớt chuông đỏ túi 300g (2 - 4 trái)', 'Ớt chuông đỏ túi 300g (2 - 4 trái)', 571846, 27871, NULL, 19500, '500g', 318, NULL), 
    (97147, 5, 'Mướp hương túi 500g (2 - 4 trái)', 'Mướp hương túi 500g (2 - 4 trái)', 571846, 27871, NULL, 11500, '500g', 1532, NULL), 
    (97148, 5, 'Hành tây túi 300g (2 - 3 củ)', 'Hành tây túi 300g (2 - 3 củ)', 571846, 27871, NULL, 7000, '500g', 158, NULL), 
    (97149, 5, 'Hành tây túi 300g (3 - 6 củ)', 'Hành tây túi 300g (3 - 6 củ)', 571846, 27871, NULL, 10500, '500g', 2211, NULL), 
    (97150, 5, 'Bắp cải trắng túi 500g (1 bắp)', 'Bắp cải trắng túi 500g (1 bắp)', 571844, 27871, NULL, 9000, '500g', 1036, NULL), 
    (97151, 5, 'Bắp cải tím túi 500g (1 - 2 bắp)', 'Bắp cải tím túi 500g (1 - 2 bắp)', 571844, 27871, NULL, 20000, '500g', 2865, NULL), 
    (97152, 5, 'Bắp cải trái tim túi 500g (1 - 2 bắp)', 'Bắp cải trái tim túi 500g (1 - 2 bắp)', 571844, 27871, NULL, 15000, '500g', 4452, NULL), 
    (97153, 5, 'Bắp cải trái tim túi 500g (1-2 bắp)', 'Bắp cải trái tim túi 500g (1-2 bắp)', 571844, 27871, NULL, 15000, '500g', 524, NULL), 
    (97154, 5, 'Bắp mỹ túi 2 trái (từ 600g trở lên)', 'Bắp mỹ túi 2 trái (từ 600g trở lên)', 571844, 27871, NULL, 13500, '500g', 4457, NULL), 
    (97155, 5, 'Bí xanh trái 500g - 600g', 'Bí xanh trái 500g - 600g', 571844, 27871, NULL, 10500, '500g', 4261, NULL), 
    (97156, 6, 'Lá giang gói 200g', 'Lá giang gói 200g', 571844, 27872, NULL, 10000, '500g', 2776, NULL), 
    (97157, 6, 'Giá sống gói 200g', 'Giá sống gói 200g', 571844, 27872, NULL, 5500, '500g', 1042, NULL), 
    (97158, 6, 'Rau đay gói 500g', 'Rau đay gói 500g', 571844, 27872, NULL, 14500, '500g', 2526, NULL), 
    (97159, 6, 'Ngò gai,  rau om gói 100g', 'Ngò gai,  rau om gói 100g', 571844, 27872, NULL, 5000, '500g', 333, NULL), 
    (97160, 6, 'Rau muống nước gói 500g', 'Rau muống nước gói 500g', 571844, 27872, NULL, 11500, '500g', 317, NULL), 
    (97161, 6, 'Rau muống hạt baby gói 300g', 'Rau muống hạt baby gói 300g', 571844, 27872, NULL, 13500, '500g', 586, NULL), 
    (97162, 6, 'Rau tần ô gói 500g', 'Rau tần ô gói 500g', 571844, 27872, NULL, 25000, '500g', 993, NULL), 
    (97163, 6, 'Rau mồng tơi baby gói 300g', 'Rau mồng tơi baby gói 300g', 571844, 27872, NULL, 11500, '500g', 223, NULL), 
    (97164, 6, 'Rau lang gói 500g', 'Rau lang gói 500g', 571844, 27872, NULL, 11000, '500g', 2769, NULL), 
    (97165, 6, 'Rau cần tàu (cần ta) gói 200g', 'Rau cần tàu (cần ta) gói 200g', 571844, 27872, NULL, 12000, '500g', 1831, NULL), 
    (97166, 6, 'Rau cần nước gói 500g', 'Rau cần nước gói 500g', 571844, 27872, NULL, 16000, '500g', 195, NULL), 
    (97167, 6, 'Rau ngót gói 500g', 'Rau ngót gói 500g', 571844, 27872, NULL, 16000, '500g', 1542, NULL), 
    (97168, 6, 'Rau má gói 200g', 'Rau má gói 200g', 571844, 27872, NULL, 8000, '500g', 2075, NULL), 
    (97169, 6, 'Rau răm gói 100g', 'Rau răm gói 100g', 571844, 27872, NULL, 5000, '500g', 825, NULL), 
    (97170, 6, 'Rau muống nước bỏ lá gói 300g', 'Rau muống nước bỏ lá gói 300g', 571844, 27872, NULL, 9500, '500g', 144, NULL), 
    (97171, 6, 'Cải ngồng 4KFarm gói 500g', 'Cải ngồng 4KFarm gói 500g', 571844, 27872, NULL, 12000, '500g', 1222, NULL), 
    (97172, 6, 'Nấm hương hộp 150g', 'Nấm hương hộp 150g', 571844, 27872, NULL, 32000, '500g', 4281, NULL), 
    (97173, 6, 'Tỏi cô đơn túi 300g', 'Tỏi cô đơn túi 300g', 571844, 27872, NULL, 40000, '500g', 1294, NULL), 
    (97174, 6, 'Rau mồng tơi 4KFarm gói 500g', 'Rau mồng tơi 4KFarm gói 500g', 571844, 27872, NULL, 9000, '500g', 413, NULL), 
    (97175, 6, 'Ớt hiểm túi 50g', 'Ớt hiểm túi 50g', 571844, 27872, NULL, 3500, '500g', 3777, NULL), 
    (97176, 6, 'Cà rốt Đà Lạt túi 500g (2 - 5 củ)', 'Cà rốt Đà Lạt túi 500g (2 - 5 củ)', 571846, 27873, NULL, 12500, '500g', 643, NULL), 
    (97177, 6, 'Củ cải trắng túi 500g (2 - 5 củ)', 'Củ cải trắng túi 500g (2 - 5 củ)', 571846, 27873, NULL, 9000, '500g', 54, NULL), 
    (97178, 6, 'Khoai tây túi 500g (3 - 7 củ)', 'Khoai tây túi 500g (3 - 7 củ)', 571846, 27873, NULL, 12500, '500g', 2326, NULL), 
    (97179, 6, 'Cà chua túi 1kg (10 - 12 trái)', 'Cà chua túi 1kg (10 - 12 trái)', 571846, 27873, NULL, 28000, '500g', 345, NULL), 
    (97180, 6, 'Dưa leo baby 500g (8-10 trái)', 'Dưa leo baby 500g (8-10 trái)', 571846, 27873, NULL, 18000, '500g', 4105, NULL), 
    (97181, 6, 'Gừng túi 100g (1-2 củ)', 'Gừng túi 100g (1-2 củ)', 571846, 27873, NULL, 3500, '500g', 1401, NULL), 
    (97182, 6, 'Lẩu nấm thiên nhiên khay 300g', 'Lẩu nấm thiên nhiên khay 300g', 571846, 27873, NULL, 32000, '500g', 1678, NULL), 
    (97183, 6, 'Rau dền 4KFarm gói 500g', 'Rau dền 4KFarm gói 500g', 571846, 27873, NULL, 9000, '500g', 437, NULL), 
    (97184, 6, 'Cải dún 4KFarm gói 500g', 'Cải dún 4KFarm gói 500g', 571846, 27873, NULL, 9000, '500g', 114, NULL), 
    (97185, 6, 'Bánh canh gói 500g', 'Bánh canh gói 500g', 571846, 27873, NULL, 10000, '500g', 944, NULL), 
    (97186, 6, 'Hành tím túi 300g', 'Hành tím túi 300g', 571846, 27873, NULL, 18000, '500g', 65, NULL), 
    (97187, 6, 'Sả cây gói 200g', 'Sả cây gói 200g', 571846, 27873, NULL, 6000, '500g', 1167, NULL), 
    (97188, 6, 'Hành paro túi 500g', 'Hành paro túi 500g', 571846, 27873, NULL, 17500, '500g', 285, NULL), 
    (97189, 7, 'Đậu phộng muối lột vỏ Tân Tân gói 55g', 'Đậu phộng muối lột vỏ Tân Tân gói 55g', 571847, 27874, NULL, 10000, '500g', 4020, NULL), 
    (97190, 7, 'Snack đậu phộng vị hải sản siêu cay Pinattsu Oishi gói 95g', 'Snack đậu phộng vị hải sản siêu cay Pinattsu Oishi gói 95g', 571847, 27875, NULL, 10600, '500g', 2197, NULL), 
    (97191, 7, 'Hạt hạnh nhân tẩm bơ mật ong Tom''s Farm túi 210', 'Hạt hạnh nhân tẩm bơ mật ong Tom''s Farm túi 210', 571847, 27876, NULL, 132000, '500g', 172, NULL), 
    (97192, 7, 'Hạt hướng dương vị dừa Chacheer gói 130g', 'Hạt hướng dương vị dừa Chacheer gói 130g', 571847, 27877, NULL, 18000, '500g', 900, NULL), 
    (97193, 7, 'Đậu phộng da cá vị phô mai Poca gói 42g', 'Đậu phộng da cá vị phô mai Poca gói 42g', 571847, 27878, NULL, 6200, '500g', 719, NULL), 
    (97194, 7, 'Đậu phộng tỏi ớt Tài tài gói 90g', 'Đậu phộng tỏi ớt Tài tài gói 90g', 571847, 27879, NULL, 13000, '500g', 243, NULL);
INSERT INTO products VALUES
    (97195, 7, 'Hạt điều rang muối BaZan hộp đứng 500g', 'Hạt điều rang muối BaZan hộp đứng 500g', 571847, 27880, NULL, 135000, '500g', 212, NULL), 
    (97196, 7, 'Hạt dinh dưỡng Healthy Mix Your Superfood hũ 240g', 'Hạt dinh dưỡng Healthy Mix Your Superfood hũ 240g', 571847, 27881, NULL, 135000, '500g', 219, NULL), 
    (97197, 7, 'Hạnh nhân nguyên vỏ Noberasco gói 100g', 'Hạnh nhân nguyên vỏ Noberasco gói 100g', 571847, 27882, NULL, 89000, '500g', 2178, NULL), 
    (97198, 7, 'Hạt điều tỏi ớt Vinahe gói 70g', 'Hạt điều tỏi ớt Vinahe gói 70g', 571847, 27883, NULL, 29000, '500g', 2074, NULL), 
    (97199, 7, 'Đậu phộng vị nước cốt dừa Poca nutz gói 90g', 'Đậu phộng vị nước cốt dừa Poca nutz gói 90g', 571847, 27878, NULL, 12600, '500g', 1171, NULL), 
    (97200, 7, 'Đậu Hà Lan bao mực Tong Garden gói 50g', 'Đậu Hà Lan bao mực Tong Garden gói 50g', 571847, 27884, NULL, 9000, '500g', 501, NULL), 
    (97201, 7, 'Combo 2 đậu phộng sả ớt Tài Tài 90g và đậu Hà Lan muối Tài Tài 140g', 'Combo 2 đậu phộng sả ớt Tài Tài 90g và đậu Hà Lan muối Tài Tài 140g', 571847, 27879, NULL, 33000, '500g', 117, NULL), 
    (97202, 7, 'Hạt Macca Việt Nam nứt vỏ Your Superfood gói 200g', 'Hạt Macca Việt Nam nứt vỏ Your Superfood gói 200g', 571847, 27881, NULL, 65000, '500g', 179, NULL), 
    (97203, 7, 'Hạt Macca Việt Nam nứt vỏ Your Superfood hũ 360g', 'Hạt Macca Việt Nam nứt vỏ Your Superfood hũ 360g', 571847, 27881, NULL, 120000, '500g', 1000, NULL), 
    (97204, 7, 'Hạt điều rang củi nhân Your Superfood hũ 240g', 'Hạt điều rang củi nhân Your Superfood hũ 240g', 571847, 27881, NULL, 95500, '500g', 704, NULL), 
    (97205, 7, 'Hạt điều rang củi vỏ lụa Your Superfood gói 200g', 'Hạt điều rang củi vỏ lụa Your Superfood gói 200g', 571847, 27881, NULL, 64000, '500g', 39, NULL), 
    (97206, 7, 'Hạt điều rang củi nhân Your Superfood gói 500g', 'Hạt điều rang củi nhân Your Superfood gói 500g', 571847, 27881, NULL, 220000, '500g', 1791, NULL), 
    (97207, 7, 'Hạt Healthy Mix Your Superfood gói 500g', 'Hạt Healthy Mix Your Superfood gói 500g', 571847, 27881, NULL, 250300, '500g', 864, NULL), 
    (97208, 7, 'Hạt điều rang củi vỏ lụa Your Superfood gói 500g', 'Hạt điều rang củi vỏ lụa Your Superfood gói 500g', 571847, 27881, NULL, 185500, '500g', 3599, NULL), 
    (97209, 7, 'Hạt điều rang củi vỏ lụa Your Superfood hũ 240g', 'Hạt điều rang củi vỏ lụa Your Superfood hũ 240g', 571847, 27881, NULL, 90500, '500g', 2320, NULL), 
    (97210, 7, 'Hạt điều rang củi nhân Your Superfood gói 200g', 'Hạt điều rang củi nhân Your Superfood gói 200g', 571847, 27881, NULL, 80000, '500g', 2055, NULL), 
    (97211, 7, 'Đậu phộng nước cốt dừa Tân Tân gói 75g', 'Đậu phộng nước cốt dừa Tân Tân gói 75g', 571847, 27874, NULL, 9000, '500g', 1264, NULL), 
    (97212, 7, 'Hạt điều rang muối BaZan hộp 400g', 'Hạt điều rang muối BaZan hộp 400g', 571847, 27880, NULL, 120000, '500g', 2541, NULL), 
    (97213, 7, 'Đậu phộng cà phê Cappuccino Amero Tân Tân gói 100g', 'Đậu phộng cà phê Cappuccino Amero Tân Tân gói 100g', 571847, 27874, NULL, 18000, '500g', 71, NULL), 
    (97214, 7, 'Hạt hướng dương vị ngũ vị hương Chacheer gói 130g', 'Hạt hướng dương vị ngũ vị hương Chacheer gói 130g', 571847, 27877, NULL, 18000, '500g', 0, NULL), 
    (97215, 7, 'Hạt dẻ cười Mỹ Your Superfood gói 500g', 'Hạt dẻ cười Mỹ Your Superfood gói 500g', 571847, 27881, NULL, 255000, '500g', 2633, NULL), 
    (97216, 7, 'Đậu Hòa Lan wasabi Tân Tân hủ 190g', 'Đậu Hòa Lan wasabi Tân Tân hủ 190g', 571847, 27874, NULL, 40000, '500g', 126, NULL), 
    (97217, 7, 'Đậu phộng nước cốt dừa Tân Tân lon 265g', 'Đậu phộng nước cốt dừa Tân Tân lon 265g', 571847, 27874, NULL, 46000, '500g', 825, NULL), 
    (97218, 7, 'Hạt điều phô mai Vinahe gói 70g', 'Hạt điều phô mai Vinahe gói 70g', 571847, 27883, NULL, 29000, '500g', 426, NULL), 
    (97219, 7, 'Điều tỏi ớt Hello Cashew gói 75g', 'Điều tỏi ớt Hello Cashew gói 75g', 571847, 27885, NULL, 29000, '500g', 3026, NULL), 
    (97220, 7, 'Đậu phộng nước cốt dừa Tân Tân lon 135g', 'Đậu phộng nước cốt dừa Tân Tân lon 135g', 571847, 27874, NULL, 29000, '500g', 1512, NULL), 
    (97221, 7, 'Hạt hạnh nhân tẩm dâu tây Tom''s Farm gói 30', 'Hạt hạnh nhân tẩm dâu tây Tom''s Farm gói 30', 571847, 27876, NULL, 22000, '500g', 75, NULL), 
    (97222, 7, 'Hạt hướng dương Hương Việt gói 160g', 'Hạt hướng dương Hương Việt gói 160g', 571847, 27886, NULL, 22000, '500g', 858, NULL), 
    (97223, 7, 'Hạt Macca Úc nứt vỏ Your Superfood gói 500g', 'Hạt Macca Úc nứt vỏ Your Superfood gói 500g', 571847, 27881, NULL, 190200, '500g', 3026, NULL), 
    (97224, 7, 'Hạt hạnh nhân rang mật ong Ohla gói 25g', 'Hạt hạnh nhân rang mật ong Ohla gói 25g', 571847, 27887, NULL, 20100, '500g', 1092, NULL), 
    (97225, 8, 'Táo Gala nhập khẩu New Zealand hộp 1kg (5-7 trái)', 'Táo Gala nhập khẩu New Zealand hộp 1kg (5-7 trái)', 571848, 27888, NULL, 65000, '500g', 3075, NULL), 
    (97226, 8, 'Táo Koru nhập khẩu Nam Phi hộp 1kg (4 - 5 trái)', 'Táo Koru nhập khẩu Nam Phi hộp 1kg (4 - 5 trái)', 571848, 27888, NULL, 80000, '500g', 18, NULL), 
    (97227, 8, 'Bưởi năm roi trái từ 900g trở lên', 'Bưởi năm roi trái từ 900g trở lên', 571848, 27889, NULL, 37000, '500g', 387, NULL), 
    (97228, 8, 'Bưởi da xanh trái từ 1.7kg trở lên', 'Bưởi da xanh trái từ 1.7kg trở lên', 571848, 27889, NULL, 68000, '500g', 2014, NULL), 
    (97229, 8, 'Cam sành túi 1kg (3 - 4 trái)', 'Cam sành túi 1kg (3 - 4 trái)', 571848, 27889, NULL, 35000, '500g', 6, NULL), 
    (97230, 8, 'Cam vàng Ai Cập hộp 1kg (3-5 trái)', 'Cam vàng Ai Cập hộp 1kg (3-5 trái)', 571848, 27888, NULL, 49000, '500g', 144, NULL), 
    (97231, 8, 'Lê Nam Phi nhập khẩu túi 1kg (3 - 4 trái)', 'Lê Nam Phi nhập khẩu túi 1kg (3 - 4 trái)', 571848, 27888, NULL, 75000, '500g', 3182, NULL), 
    (97232, 8, 'Lê đường hộp 1kg (4-5 trái)', 'Lê đường hộp 1kg (4-5 trái)', 571848, 27889, NULL, 55000, '500g', 2153, NULL), 
    (97233, 8, 'Lê - ngọt (SINGO) hộp 1kg (3-5 trái)', 'Lê - ngọt (SINGO) hộp 1kg (3-5 trái)', 571848, 27888, NULL, 52000, '500g', 1101, NULL), 
    (97234, 8, 'Chuối già giống Nam Mỹ hộp 1kg (6-7 trái)', 'Chuối già giống Nam Mỹ hộp 1kg (6-7 trái)', 571848, 27888, NULL, 24000, '500g', 2059, NULL), 
    (97235, 8, 'Chuối cau nải từ 1kg trở lên (giao ngẫu nhiên sống hoặc chín)', 'Chuối cau nải từ 1kg trở lên (giao ngẫu nhiên sống hoặc chín)', 571848, 27889, NULL, 22000, '500g', 1625, NULL), 
    (97236, 8, 'Mận hậu túi 1kg (30 - 35 quả)', 'Mận hậu túi 1kg (30 - 35 quả)', 571848, 27889, NULL, 78000, '500g', 698, NULL), 
    (97237, 8, 'Sầu riêng Ri 6 loại 1 trái 2.2kg - 2.5kg', 'Sầu riêng Ri 6 loại 1 trái 2.2kg - 2.5kg', 571848, 27889, NULL, 174000, '500g', 2765, NULL), 
    (97238, 8, 'Bơ 034 túi 900g (2 - 3 trái)', 'Bơ 034 túi 900g (2 - 3 trái)', 571848, 27889, NULL, 43000, '500g', 873, NULL), 
    (97239, 8, 'Nho đỏ không hạt hộp 500g', 'Nho đỏ không hạt hộp 500g', 571848, 27889, NULL, 90000, '500g', 3481, NULL), 
    (97240, 8, 'Nho đỏ có hạt hộp 500g', 'Nho đỏ có hạt hộp 500g', 571848, 27889, NULL, 149000, '500g', 2554, NULL), 
    (97241, 8, 'Táo Juliet Pháp hộp 4 trái', 'Táo Juliet Pháp hộp 4 trái', 571848, 27888, NULL, 130000, '500g', 2191, NULL), 
    (97242, 8, 'Táo Tessa nhập khẩu Hà Lan hộp 4 trái', 'Táo Tessa nhập khẩu Hà Lan hộp 4 trái', 571848, 27888, NULL, 75000, '500g', 1389, NULL), 
    (97243, 8, 'Lê đá hộp 1kg (4-6 trái)', 'Lê đá hộp 1kg (4-6 trái)', 571848, 27889, NULL, 45000, '500g', 2041, NULL), 
    (97244, 8, 'Mít ruột đỏ túi 1kg (xẻ miếng 1kg)', 'Mít ruột đỏ túi 1kg (xẻ miếng 1kg)', 571848, 27889, NULL, 39000, '500g', 251, NULL), 
    (97245, 8, 'Táo đỏ nhập khẩu Mỹ hộp 1kg (4-6 trái)', 'Táo đỏ nhập khẩu Mỹ hộp 1kg (4-6 trái)', 571848, 27888, NULL, 75000, '500g', 703, NULL), 
    (97246, 8, 'Ổi Đài Loan vỉ 1kg (4-5 trái)', 'Ổi Đài Loan vỉ 1kg (4-5 trái)', 571848, 27888, NULL, 21000, '500g', 1558, NULL), 
    (97247, 8, 'Ổi nữ hoàng túi 1kg', 'Ổi nữ hoàng túi 1kg', 571848, 27889, NULL, 25000, '500g', 528, NULL), 
    (97248, 8, 'Ổi nữ hoàng vỉ 1kg (4-5 trái)', 'Ổi nữ hoàng vỉ 1kg (4-5 trái)', 571848, 27889, NULL, 23000, '500g', 256, NULL), 
    (97249, 8, 'Quýt giống úc túi 1kg (5 - 9 trái)', 'Quýt giống úc túi 1kg (5 - 9 trái)', 571848, 27889, NULL, 79000, '500g', 978, NULL), 
    (97250, 8, 'Thanh long ruột đỏ túi 1.5kg (2-3 trái)', 'Thanh long ruột đỏ túi 1.5kg (2-3 trái)', 571848, 27889, NULL, 37000, '500g', 47, NULL), 
    (97251, 8, 'Xoài Đài Loan túi 1.5kg (2 trái)', 'Xoài Đài Loan túi 1.5kg (2 trái)', 571848, 27888, NULL, 29000, '500g', 896, NULL), 
    (97252, 8, 'Cóc lớn túi 1kg', 'Cóc lớn túi 1kg', 571848, 27889, NULL, 29000, '500g', 2032, NULL), 
    (97253, 8, 'Kiwi vàng Zespri hộp 500g', 'Kiwi vàng Zespri hộp 500g', 571848, 27888, NULL, 100000, '500g', 3246, NULL), 
    (97254, 8, 'Chanh dây hộp 500g (4-6 trái)', 'Chanh dây hộp 500g (4-6 trái)', 571848, 27889, NULL, 18000, '500g', 344, NULL), 
    (97255, 8, 'Táo Ninh Thuận túi 1kg (25 - 30 trái)', 'Táo Ninh Thuận túi 1kg (25 - 30 trái)', 571848, 27888, NULL, 37000, '500g', 514, NULL), 
    (97256, 8, 'Táo Dazzle nhập khẩu New Zealand túi 1kg (5-7 trái)', 'Táo Dazzle nhập khẩu New Zealand túi 1kg (5-7 trái)', 571848, 27888, NULL, 79000, '500g', 294, NULL);
